Block Height|Ether Price
0|0
3125|0
6250|0
9375|0
12500|0
15625|0
18750|0
21875|0
25000|0
28125|0
31250|0
34375|0
37500|0
40625|0
43750|0
46875|2
50000|2
53125|0
56250|0
59375|0
62500|0
65625|0
68750|1
71875|1
75000|1
78125|1
81250|1
84375|1
87500|1
90625|1
93750|1
96875|1
100000|1
103125|1
106250|1
109375|1
112500|1
115625|1
118750|1
121875|1
125000|1
128125|1
131250|1
134375|1
137500|1
140625|1
143750|1
146875|1
150000|1
153125|1
156250|1
159375|1
162500|1
165625|1
168750|1
171875|1
175000|1
178125|1
181250|1
184375|1
187500|1
190625|1
193750|1
196875|1
200000|1
203125|1
206250|1
209375|1
212500|1
215625|0
218750|0
221875|1
225000|1
228125|0
231250|0
234375|0
237500|0
240625|0
243750|0
246875|0
250000|0
253125|0
256250|0
259375|0
262500|0
265625|0
268750|0
271875|0
275000|0
278125|0
281250|0
284375|0
287500|0
290625|0
293750|0
296875|0
300000|0
303125|0
306250|0
309375|0
312500|0
315625|0
318750|0
321875|0
325000|0
328125|0
331250|0
334375|0
337500|0
340625|0
343750|0
346875|0
350000|0
353125|0
356250|0
359375|0
362500|0
365625|0
368750|0
371875|0
375000|0
378125|0
381250|0
384375|0
387500|0
390625|0
393750|0
396875|0
400000|0
403125|0
406250|0
409375|0
412500|0
415625|0
418750|0
421875|0
425000|0
428125|0
431250|0
434375|0
437500|0
440625|0
443750|0
446875|0
450000|0
453125|1
456250|1
459375|1
462500|1
465625|0
468750|0
471875|1
475000|1
478125|0
481250|1
484375|1
487500|0
490625|0
493750|0
496875|0
500000|0
503125|0
506250|1
509375|1
512500|1
515625|1
518750|0
521875|0
525000|0
528125|0
531250|0
534375|0
537500|0
540625|0
543750|0
546875|0
550000|0
553125|1
556250|1
559375|0
562500|0
565625|0
568750|0
571875|0
575000|0
578125|0
581250|0
584375|0
587500|0
590625|0
593750|0
596875|0
600000|0
603125|0
606250|0
609375|0
612500|0
615625|0
618750|0
621875|0
625000|0
628125|0
631250|0
634375|0
637500|0
640625|0
643750|0
646875|0
650000|0
653125|0
656250|0
659375|0
662500|0
665625|0
668750|0
671875|0
675000|0
678125|0
681250|0
684375|0
687500|0
690625|0
693750|1
696875|1
700000|0
703125|0
706250|0
709375|0
712500|0
715625|0
718750|0
721875|0
725000|0
728125|0
731250|0
734375|0
737500|0
740625|0
743750|0
746875|0
750000|0
753125|0
756250|0
759375|0
762500|0
765625|0
768750|0
771875|0
775000|0
778125|0
781250|0
784375|0
787500|0
790625|0
793750|0
796875|0
800000|0
803125|0
806250|0
809375|0
812500|0
815625|0
818750|0
821875|0
825000|0
828125|0
831250|1
834375|1
837500|1
840625|1
843750|1
846875|1
850000|1
853125|1
856250|1
859375|1
862500|1
865625|1
868750|1
871875|1
875000|1
878125|1
881250|1
884375|1
887500|1
890625|2
893750|2
896875|2
900000|2
903125|2
906250|2
909375|2
912500|2
915625|2
918750|2
921875|2
925000|2
928125|2
931250|2
934375|2
937500|2
940625|2
943750|2
946875|2
950000|2
953125|2
956250|2
959375|2
962500|2
965625|3
968750|3
971875|3
975000|3
978125|3
981250|4
984375|4
987500|6
990625|5
993750|5
996875|5
1000000|5
1003125|5
1006250|5
1009375|5
1012500|4
1015625|3
1018750|3
1021875|4
1025000|4
1028125|4
1031250|4
1034375|4
1037500|4
1040625|5
1043750|5
1046875|5
1050000|5
1053125|6
1056250|5
1059375|5
1062500|6
1065625|6
1068750|6
1071875|6
1075000|6
1078125|6
1081250|7
1084375|7
1087500|8
1090625|9
1093750|9
1096875|9
1100000|9
1103125|11
1106250|10
1109375|10
1112500|9
1115625|9
1118750|9
1121875|11
1125000|11
1128125|11
1131250|11
1134375|11
1137500|13
1140625|13
1143750|15
1146875|12
1150000|12
1153125|13
1156250|13
1159375|12
1162500|12
1165625|11
1168750|11
1171875|10
1175000|10
1178125|10
1181250|10
1184375|10
1187500|11
1190625|11
1193750|10
1196875|10
1200000|12
1203125|12
1206250|11
1209375|11
1212500|10
1215625|10
1218750|11
1221875|11
1225000|10
1228125|10
1231250|11
1234375|11
1237500|11
1240625|11
1243750|11
1246875|11
1250000|11
1253125|11
1256250|11
1259375|11
1262500|11
1265625|11
1268750|11
1271875|11
1275000|11
1278125|10
1281250|10
1284375|10
1287500|10
1290625|10
1293750|10
1296875|9
1300000|9
1303125|9
1306250|9
1309375|8
1312500|8
1315625|8
1318750|8
1321875|7
1325000|7
1328125|8
1331250|8
1334375|8
1337500|8
1340625|8
1343750|8
1346875|8
1350000|8
1353125|9
1356250|8
1359375|8
1362500|8
1365625|8
1368750|8
1371875|8
1375000|8
1378125|8
1381250|7
1384375|7
1387500|8
1390625|8
1393750|8
1396875|8
1400000|7
1403125|7
1406250|7
1409375|7
1412500|7
1415625|7
1418750|7
1421875|7
1425000|7
1428125|7
1431250|8
1434375|8
1437500|8
1440625|10
1443750|10
1446875|9
1450000|9
1453125|9
1456250|9
1459375|9
1462500|9
1465625|9
1468750|9
1471875|9
1475000|9
1478125|9
1481250|9
1484375|9
1487500|9
1490625|9
1493750|9
1496875|9
1500000|9
1503125|10
1506250|10
1509375|10
1512500|10
1515625|10
1518750|9
1521875|9
1525000|11
1528125|11
1531250|12
1534375|12
1537500|13
1540625|13
1543750|14
1546875|14
1550000|13
1553125|13
1556250|13
1559375|13
1562500|14
1565625|14
1568750|13
1571875|13
1575000|12
1578125|12
1581250|12
1584375|12
1587500|12
1590625|12
1593750|11
1596875|11
1600000|11
1603125|12
1606250|12
1609375|12
1612500|12
1615625|13
1618750|13
1621875|13
1625000|13
1628125|13
1631250|13
1634375|13
1637500|13
1640625|13
1643750|13
1646875|13
1650000|13
1653125|13
1656250|13
1659375|14
1662500|14
1665625|14
1668750|14
1671875|14
1675000|14
1678125|13
1681250|14
1684375|14
1687500|15
1690625|15
1693750|17
1696875|17
1700000|18
1703125|18
1706250|18
1709375|18
1712500|20
1715625|20
1718750|15
1721875|15
1725000|11
1728125|11
1731250|12
1734375|12
1737500|11
1740625|11
1743750|12
1746875|12
1750000|13
1753125|13
1756250|13
1759375|13
1762500|14
1765625|14
1768750|14
1771875|13
1775000|13
1778125|14
1781250|14
1784375|12
1787500|12
1790625|12
1793750|12
1796875|12
1800000|12
1803125|12
1806250|12
1809375|12
1812500|12
1815625|11
1818750|11
1821875|11
1825000|11
1828125|10
1831250|10
1834375|10
1837500|10
1840625|10
1843750|10
1846875|11
1850000|11
1853125|10
1856250|10
1859375|10
1862500|10
1865625|10
1868750|10
1871875|10
1875000|10
1878125|10
1881250|11
1884375|11
1887500|11
1890625|11
1893750|11
1896875|11
1900000|11
1903125|11
1906250|11
1909375|11
1912500|11
1915625|11
1918750|12
1921875|12
1925000|12
1928125|12
1931250|14
1934375|14
1937500|14
1940625|14
1943750|12
1946875|13
1950000|13
1953125|12
1956250|12
1959375|13
1962500|13
1965625|12
1968750|12
1971875|12
1975000|12
1978125|12
1981250|12
1984375|11
1987500|11
1990625|11
1993750|11
1996875|8
2000000|8
2003125|10
2006250|10
2009375|11
2012500|11
2015625|11
2018750|11
2021875|10
2025000|10
2028125|10
2031250|11
2034375|11
2037500|12
2040625|12
2043750|12
2046875|12
2050000|11
2053125|11
2056250|11
2059375|11
2062500|11
2065625|11
2068750|11
2071875|11
2075000|11
2078125|11
2081250|11
2084375|11
2087500|10
2090625|10
2093750|10
2096875|10
2100000|10
2103125|10
2106250|11
2109375|11
2112500|11
2115625|11
2118750|11
2121875|11
2125000|11
2128125|11
2131250|11
2134375|11
2137500|11
2140625|11
2143750|11
2146875|11
2150000|11
2153125|10
2156250|10
2159375|10
2162500|10
2165625|11
2168750|11
2171875|11
2175000|11
2178125|12
2181250|12
2184375|12
2187500|12
2190625|11
2193750|11
2196875|11
2200000|11
2203125|11
2206250|11
2209375|11
2212500|11
2215625|11
2218750|11
2221875|11
2225000|11
2228125|11
2231250|12
2234375|12
2237500|11
2240625|11
2243750|11
2246875|11
2250000|11
2253125|11
2256250|11
2259375|11
2262500|11
2265625|11
2268750|12
2271875|12
2275000|12
2278125|12
2281250|12
2284375|12
2287500|12
2290625|12
2293750|14
2296875|14
2300000|13
2303125|13
2306250|13
2309375|13
2312500|13
2315625|12
2318750|12
2321875|13
2325000|13
2328125|12
2331250|12
2334375|13
2337500|13
2340625|13
2343750|13
2346875|13
2350000|13
2353125|13
2356250|13
2359375|13
2362500|13
2365625|13
2368750|13
2371875|13
2375000|13
2378125|13
2381250|13
2384375|13
2387500|12
2390625|12
2393750|12
2396875|12
2400000|12
2403125|12
2406250|12
2409375|12
2412500|11
2415625|11
2418750|11
2421875|11
2425000|11
2428125|11
2431250|12
2434375|12
2437500|11
2440625|11
2443750|11
2446875|11
2450000|11
2453125|11
2456250|11
2459375|11
2462500|12
2465625|12
2468750|11
2471875|12
2475000|12
2478125|12
2481250|12
2484375|12
2487500|12
2490625|11
2493750|11
2496875|11
2500000|11
2503125|11
2506250|11
2509375|11
2512500|11
2515625|11
2518750|11
2521875|11
2525000|11
2528125|10
2531250|10
2534375|11
2537500|11
2540625|10
2543750|10
2546875|10
2550000|10
2553125|10
2556250|10
2559375|10
2562500|11
2565625|11
2568750|11
2571875|11
2575000|10
2578125|10
2581250|10
2584375|10
2587500|10
2590625|10
2593750|10
2596875|10
2600000|10
2603125|10
2606250|10
2609375|10
2612500|9
2615625|9
2618750|10
2621875|10
2625000|10
2628125|10
2631250|10
2634375|10
2637500|10
2640625|9
2643750|9
2646875|9
2650000|9
2653125|9
2656250|9
2659375|9
2662500|9
2665625|9
2668750|9
2671875|9
2675000|9
2678125|9
2681250|9
2684375|9
2687500|9
2690625|9
2693750|9
2696875|9
2700000|9
2703125|8
2706250|8
2709375|8
2712500|8
2715625|8
2718750|8
2721875|8
2725000|8
2728125|8
2731250|7
2734375|7
2737500|7
2740625|7
2743750|7
2746875|7
2750000|6
2753125|6
2756250|7
2759375|7
2762500|8
2765625|8
2768750|8
2771875|8
2775000|8
2778125|8
2781250|8
2784375|8
2787500|8
2790625|8
2793750|8
2796875|8
2800000|8
2803125|8
2806250|8
2809375|8
2812500|7
2815625|7
2818750|7
2821875|7
2825000|7
2828125|7
2831250|7
2834375|7
2837500|7
2840625|7
2843750|7
2846875|7
2850000|7
2853125|7
2856250|7
2859375|7
2862500|7
2865625|7
2868750|7
2871875|7
2875000|7
2878125|7
2881250|7
2884375|7
2887500|7
2890625|7
2893750|7
2896875|8
2900000|8
2903125|8
2906250|8
2909375|8
2912500|8
2915625|8
2918750|8
2921875|8
2925000|9
2928125|9
2931250|10
2934375|10
2937500|10
2940625|10
2943750|10
2946875|10
2950000|9
2953125|9
2956250|10
2959375|10
2962500|10
2965625|10
2968750|10
2971875|10
2975000|9
2978125|9
2981250|9
2984375|9
2987500|9
2990625|9
2993750|9
2996875|9
3000000|9
3003125|9
3006250|9
3009375|9
3012500|10
3015625|10
3018750|10
3021875|10
3025000|10
3028125|10
3031250|10
3034375|10
3037500|10
3040625|10
3043750|10
3046875|10
3050000|10
3053125|10
3056250|10
3059375|10
3062500|10
3065625|10
3068750|10
3071875|10
3075000|10
3078125|10
3081250|10
3084375|10
3087500|10
3090625|10
3093750|10
3096875|10
3100000|10
3103125|10
3106250|10
3109375|10
3112500|10
3115625|10
3118750|11
3121875|11
3125000|11
3128125|11
3131250|11
3134375|11
3137500|11
3140625|11
3143750|11
3146875|11
3150000|10
3153125|10
3156250|11
3159375|11
3162500|11
3165625|11
3168750|11
3171875|11
3175000|11
3178125|11
3181250|13
3184375|13
3187500|12
3190625|12
3193750|12
3196875|12
3200000|12
3203125|12
3206250|12
3209375|12
3212500|12
3215625|12
3218750|12
3221875|12
3225000|12
3228125|12
3231250|12
3234375|13
3237500|13
3240625|13
3243750|13
3246875|13
3250000|13
3253125|14
3256250|14
3259375|15
3262500|15
3265625|16
3268750|16
3271875|17
3275000|17
3278125|19
3281250|19
3284375|19
3287500|18
3290625|18
3293750|19
3296875|19
3300000|19
3303125|19
3306250|18
3309375|18
3312500|16
3315625|16
3318750|17
3321875|17
3325000|19
3328125|19
3331250|21
3334375|21
3337500|23
3340625|23
3343750|28
3346875|28
3350000|28
3353125|35
3356250|35
3359375|45
3362500|45
3365625|44
3368750|44
3371875|34
3375000|34
3378125|43
3381250|43
3384375|42
3387500|42
3390625|42
3393750|42
3396875|41
3400000|41
3403125|43
3406250|43
3409375|53
3412500|53
3415625|50
3418750|50
3421875|50
3425000|49
3428125|49
3431250|50
3434375|50
3437500|53
3440625|53
3443750|51
3446875|51
3450000|49
3453125|49
3456250|50
3459375|50
3462500|48
3465625|48
3468750|44
3471875|44
3475000|44
3478125|44
3481250|44
3484375|43
3487500|43
3490625|42
3493750|42
3496875|44
3500000|44
3503125|43
3506250|43
3509375|43
3512500|43
3515625|43
3518750|43
3521875|46
3525000|46
3528125|49
3531250|47
3534375|47
3537500|48
3540625|48
3543750|48
3546875|48
3550000|47
3553125|47
3556250|49
3559375|49
3562500|47
3565625|47
3568750|49
3571875|48
3575000|48
3578125|48
3581250|48
3584375|48
3587500|48
3590625|49
3593750|49
3596875|50
3600000|50
3603125|53
3606250|53
3609375|63
3612500|72
3615625|72
3618750|69
3621875|69
3625000|79
3628125|79
3631250|77
3634375|77
3637500|77
3640625|80
3643750|80
3646875|94
3650000|94
3653125|90
3656250|90
3659375|94
3662500|94
3665625|90
3668750|88
3671875|88
3675000|86
3678125|86
3681250|87
3684375|87
3687500|88
3690625|88
3693750|85
3696875|85
3700000|87
3703125|88
3706250|88
3709375|90
3712500|90
3715625|87
3718750|87
3721875|86
3725000|95
3728125|95
3731250|124
3734375|124
3737500|123
3740625|148
3743750|148
3746875|160
3750000|160
3753125|169
3756250|169
3759375|193
3762500|177
3765625|177
3768750|162
3771875|162
3775000|156
3778125|156
3781250|172
3784375|194
3787500|194
3790625|228
3793750|228
3796875|228
3800000|228
3803125|220
3806250|222
3809375|222
3812500|224
3815625|224
3818750|244
3821875|247
3825000|247
3828125|264
3831250|264
3834375|255
3837500|259
3840625|259
3843750|279
3846875|279
3850000|335
3853125|339
3856250|339
3859375|394
3862500|394
3865625|388
3868750|343
3871875|343
3875000|344
3878125|344
3881250|353
3884375|353
3887500|368
3890625|351
3893750|351
3896875|358
3900000|358
3903125|350
3906250|325
3909375|325
3912500|320
3915625|326
3918750|326
3921875|304
3925000|304
3928125|279
3931250|253
3934375|253
3937500|286
3940625|315
3943750|315
3946875|292
3950000|292
3953125|280
3956250|261
3959375|261
3962500|283
3965625|276
3968750|276
3971875|269
3975000|269
3978125|266
3981250|265
3984375|265
3987500|240
3990625|245
3993750|245
3996875|237
4000000|237
4003125|205
4006250|190
4009375|190
4012500|224
4015625|205
4018750|205
4021875|197
4025000|169
4028125|155
4031250|155
4034375|189
4037500|227
4040625|227
4043750|194
4046875|226
4050000|226
4053125|216
4056250|230
4059375|230
4062500|228
4065625|225
4068750|225
4071875|203
4075000|202
4078125|202
4081250|202
4084375|191
4087500|191
4090625|206
4093750|196
4096875|196
4100000|201
4103125|225
4106250|218
4109375|218
4112500|224
4115625|220
4118750|253
4121875|253
4125000|264
4128125|269
4131250|296
4134375|295
4137500|295
4140625|298
4143750|309
4146875|308
4150000|308
4153125|296
4156250|299
4159375|286
4162500|286
4165625|301
4168750|300
4171875|292
4175000|292
4178125|293
4181250|298
4184375|321
4187500|321
4190625|313
4193750|317
4196875|325
4200000|325
4203125|330
4206250|332
4209375|347
4212500|347
4215625|372
4218750|383
4221875|388
4225000|388
4228125|391
4231250|351
4234375|352
4237500|303
4240625|317
4243750|338
4246875|335
4250000|306
4253125|306
4256250|303
4259375|299
4262500|297
4265625|294
4268750|275
4271875|223
4275000|259
4278125|259
4281250|254
4284375|258
4287500|297
4290625|283
4293750|283
4296875|257
4300000|257
4303125|286
4306250|282
4309375|294
4312500|288
4315625|309
4318750|302
4321875|292
4325000|302
4328125|303
4331250|296
4334375|291
4337500|291
4340625|308
4343750|311
4346875|309
4350000|296
4353125|298
4356250|302
4359375|302
4362500|336
4365625|338
4368750|336
4371875|334
4375000|316
4378125|316
4381250|313
4384375|313
4387500|307
4390625|307
4393750|303
4396875|303
4400000|299
4403125|299
4406250|294
4409375|294
4412500|285
4415625|285
4418750|296
4421875|296
4425000|296
4428125|296
4431250|295
4434375|295
4437500|296
4440625|296
4443750|293
4446875|293
4450000|304
4453125|304
4456250|306
4459375|306
4462500|303
4465625|303
4468750|289
4471875|289
4475000|284
4478125|284
4481250|304
4484375|304
4487500|300
4490625|300
4493750|296
4496875|296
4500000|296
4503125|296
4506250|291
4509375|291
4512500|307
4515625|307
4518750|319
4521875|319
4525000|296
4528125|296
4531250|314
4534375|314
4537500|306
4540625|306
4543750|314
4546875|314
4550000|334
4553125|334
4556250|331
4559375|331
4562500|330
4565625|330
4568750|331
4571875|331
4575000|346
4578125|346
4581250|354
4584375|354
4587500|367
4590625|367
4593750|360
4596875|360
4600000|380
4603125|380
4606250|406
4609375|406
4612500|470
4615625|470
4618750|464
4621875|464
4625000|470
4628125|470
4631250|475
4634375|475
4637500|466
4640625|466
4643750|427
4646875|434
4650000|434
4653125|461
4656250|461
4659375|457
4662500|457
4665625|462
4668750|462
4671875|466
4675000|466
4678125|453
4681250|453
4684375|422
4687500|422
4690625|421
4693750|451
4696875|451
4700000|472
4703125|472
4706250|436
4709375|436
4712500|513
4715625|513
4718750|656
4721875|656
4725000|699
4728125|699
4731250|693
4734375|684
4737500|684
4740625|692
4743750|692
4746875|717
4750000|717
4753125|785
4756250|785
4759375|812
4762500|812
4765625|799
4768750|789
4771875|789
4775000|657
4778125|657
4781250|700
4784375|700
4787500|675
4790625|675
4793750|723
4796875|723
4800000|753
4803125|753
4806250|739
4809375|716
4812500|716
4815625|739
4818750|739
4821875|692
4825000|692
4828125|741
4831250|741
4834375|756
4837500|756
4840625|861
4843750|861
4846875|941
4850000|944
4853125|944
4856250|967
4859375|967
4862500|1006
4865625|1006
4868750|1117
4871875|1136
4875000|1136
4878125|1289
4881250|1289
4884375|1248
4887500|1248
4890625|1139
4893750|1261
4896875|1261
4900000|1385
4903125|1385
4906250|1359
4909375|1359
4912500|1278
4915625|1050
4918750|1050
4921875|1024
4925000|1024
4928125|1012
4931250|1012
4934375|1037
4937500|1150
4940625|1150
4943750|1049
4946875|1049
4950000|999
4953125|999
4956250|984
4959375|984
4962500|1061
4965625|1061
4968750|1046
4971875|1046
4975000|1048
4978125|1048
4981250|1109
4984375|1109
4987500|1231
4990625|1231
4993750|1169
4996875|1063
5000000|1063
5003125|1111
5006250|1111
5009375|1026
5012500|1026
5015625|917
5018750|917
5021875|970
5025000|970
5028125|827
5031250|827
5034375|695
5037500|695
5040625|785
5043750|785
5046875|751
5050000|813
5053125|813
5056250|877
5059375|877
5062500|850
5065625|850
5068750|811
5071875|811
5075000|865
5078125|865
5081250|840
5084375|840
5087500|920
5090625|920
5093750|927
5096875|927
5100000|938
5103125|938
5106250|974
5109375|974
5112500|913
5115625|939
5118750|939
5121875|885
5125000|885
5128125|840
5131250|840
5134375|804
5137500|804
5140625|854
5143750|854
5146875|833
5150000|833
5153125|840
5156250|840
5159375|867
5162500|871
5165625|871
5168750|851
5171875|851
5175000|869
5178125|869
5181250|855
5184375|855
5187500|855
5190625|855
5193750|864
5196875|864
5200000|849
5203125|849
5206250|815
5209375|815
5212500|751
5215625|698
5218750|698
5221875|726
5225000|726
5228125|682
5231250|682
5234375|720
5237500|720
5240625|697
5243750|697
5246875|689
5250000|689
5253125|613
5256250|613
5259375|610
5262500|600
5265625|600
5268750|549
5271875|549
5275000|537
5278125|537
5281250|555
5284375|555
5287500|557
5290625|557
5293750|559
5296875|559
5300000|539
5303125|539
5306250|543
5309375|543
5312500|520
5315625|520
5318750|523
5321875|523
5325000|486
5328125|448
5331250|448
5334375|445
5337500|445
5340625|383
5343750|383
5346875|393
5350000|393
5353125|394
5356250|394
5359375|378
5362500|378
5365625|384
5368750|384
5371875|415
5375000|415
5378125|378
5381250|378
5384375|381
5387500|381
5390625|370
5393750|370
5396875|384
5400000|384
5403125|400
5406250|399
5409375|399
5412500|415
5415625|415
5418750|430
5421875|430
5425000|493
5428125|493
5431250|494
5434375|494
5437500|502
5440625|502
5443750|534
5446875|534
5450000|511
5453125|511
5456250|503
5459375|503
5462500|525
5465625|567
5468750|567
5471875|617
5475000|617
5478125|605
5481250|605
5484375|621
5487500|621
5490625|644
5493750|644
5496875|703
5500000|703
5503125|617
5506250|661
5509375|661
5512500|643
5515625|643
5518750|683
5521875|683
5525000|689
5528125|689
5531250|670
5534375|670
5537500|670
5540625|686
5543750|686
5546875|777
5550000|777
5553125|784
5556250|784
5559375|816
5562500|816
5565625|790
5568750|790
5571875|752
5575000|747
5578125|747
5581250|751
5584375|751
5587500|723
5590625|723
5593750|677
5596875|677
5600000|683
5603125|683
5606250|729
5609375|727
5612500|727
5615625|705
5618750|705
5621875|706
5625000|706
5628125|668
5631250|668
5634375|693
5637500|693
5640625|696
5643750|715
5646875|715
5650000|696
5653125|696
5656250|640
5659375|640
5662500|577
5665625|577
5668750|602
5671875|584
5675000|584
5678125|585
5681250|585
5684375|569
5687500|569
5690625|512
5693750|512
5696875|566
5700000|557
5703125|557
5706250|577
5709375|577
5712500|579
5715625|579
5718750|590
5721875|590
5725000|619
5728125|591
5731250|591
5734375|608
5737500|608
5740625|606
5743750|606
5746875|604
5750000|604
5753125|599
5756250|593
5759375|593
5762500|524
5765625|524
5768750|531
5771875|531
5775000|494
5778125|494
5781250|476
5784375|476
5787500|519
5790625|487
5793750|487
5796875|497
5800000|497
5803125|496
5806250|496
5809375|517
5812500|517
5815625|538
5818750|538
5821875|536
5825000|536
5828125|525
5831250|462
5834375|462
5837500|474
5840625|474
5843750|455
5846875|455
5850000|458
5853125|458
5856250|429
5859375|429
5862500|441
5865625|441
5868750|420
5871875|435
5875000|435
5878125|453
5881250|453
5884375|451
5887500|451
5890625|476
5893750|476
5896875|461
5900000|461
5903125|467
5906250|467
5909375|467
5912500|467
5915625|469
5918750|485
5921875|485
5925000|486
5928125|486
5931250|471
5934375|471
5937500|432
5940625|432
5943750|445
5946875|445
5950000|430
5953125|430
5956250|432
5959375|432
5962500|433
5965625|449
5968750|449
5971875|478
5975000|478
5978125|499
5981250|499
5984375|479
5987500|479
5990625|468
5993750|468
5996875|448
6000000|448
6003125|461
6006250|461
6009375|457
6012500|457
6015625|449
6018750|479
6021875|479
6025000|471
6028125|471
6031250|462
6034375|462
6037500|469
6040625|469
6043750|468
6046875|468
6050000|466
6053125|466
6056250|456
6059375|456
6062500|431
6065625|431
6068750|419
6071875|410
6075000|410
6078125|417
6081250|417
6084375|406
6087500|406
6090625|408
6093750|408
6096875|404
6100000|404
6103125|377
6106250|377
6109375|355
6112500|355
6115625|363
6118750|363
6121875|331
6125000|331
6128125|318
6131250|318
6134375|318
6137500|284
6140625|284
6143750|278
6146875|278
6150000|281
6153125|281
6156250|286
6159375|286
6162500|317
6165625|317
6168750|294
6171875|294
6175000|299
6178125|299
6181250|270
6184375|281
6187500|281
6190625|270
6193750|270
6196875|275
6200000|275
6203125|281
6206250|281
6209375|277
6212500|277
6215625|274
6218750|274
6221875|288
6225000|288
6228125|295
6231250|295
6234375|288
6237500|288
6240625|284
6243750|281
6246875|281
6250000|295
6253125|295
6256250|295
6259375|295
6262500|288
6265625|288
6268750|285
6271875|285
6275000|228
6278125|228
6281250|229
6284375|229
6287500|215
6290625|215
6293750|196
6296875|196
6300000|195
6303125|197
6306250|197
6309375|185
6312500|185
6315625|183
6318750|183
6321875|211
6325000|211
6328125|208
6331250|208
6334375|221
6337500|221
6340625|220
6343750|220
6346875|196
6350000|196
6353125|208
6356250|208
6359375|209
6362500|209
6365625|224
6368750|224
6371875|247
6375000|247
6378125|240
6381250|240
6384375|244
6387500|244
6390625|227
6393750|219
6396875|219
6400000|214
6403125|214
6406250|229
6409375|229
6412500|221
6415625|221
6418750|231
6421875|231
6425000|232
6428125|232
6431250|230
6434375|230
6437500|225
6440625|225
6443750|219
6446875|219
6450000|221
6453125|221
6456250|227
6459375|227
6462500|224
6465625|224
6468750|225
6471875|225
6475000|229
6478125|229
6481250|227
6484375|227
6487500|225
6490625|225
6493750|189
6496875|189
6500000|195
6503125|195
6506250|199
6509375|199
6512500|194
6515625|194
6518750|210
6521875|210
6525000|210
6528125|210
6531250|207
6534375|207
6537500|202
6540625|202
6543750|202
6546875|202
6550000|205
6553125|205
6556250|204
6559375|203
6562500|203
6565625|203
6568750|203
6571875|202
6575000|202
6578125|201
6581250|201
6584375|203
6587500|203
6590625|202
6593750|202
6596875|203
6600000|203
6603125|195
6606250|195
6609375|196
6612500|196
6615625|197
6618750|197
6621875|198
6625000|198
6628125|201
6631250|201
6634375|199
6637500|199
6640625|211
6643750|211
6646875|209
6650000|209
6653125|219
6656250|219
6659375|217
6662500|217
6665625|211
6668750|211
6671875|209
6675000|209
6678125|211
6681250|211
6684375|211
6687500|211
6690625|210
6693750|206
6696875|206
6700000|182
6703125|182
6706250|181
6709375|181
6712500|174
6715625|174
6718750|174
6721875|174
6725000|177
6728125|177
6731250|148
6734375|148
6737500|130
6740625|130
6743750|136
6746875|136
6750000|124
6753125|124
6756250|123
6759375|123
6762500|112
6765625|112
6768750|116
6771875|116
6775000|108
6778125|108
6781250|110
6784375|110
6787500|122
6790625|122
6793750|117
6796875|117
6800000|112
6803125|112
6806250|118
6809375|115
6812500|115
6815625|108
6818750|108
6821875|109
6825000|109
6828125|101
6831250|101
6834375|90
6837500|90
6840625|93
6843750|93
6846875|91
6850000|91
6853125|94
6856250|94
6859375|90
6862500|90
6865625|88
6868750|88
6871875|90
6875000|90
6878125|86
6881250|86
6884375|83
6887500|83
6890625|84
6893750|84
6896875|85
6900000|85
6903125|95
6906250|102
6909375|102
6912500|100
6915625|100
6918750|116
6921875|116
6925000|109
6928125|109
6931250|118
6934375|118
6937500|131
6940625|131
6943750|140
6946875|140
6950000|130
6953125|132
6956250|132
6959375|116
6962500|116
6965625|139
6968750|139
6971875|137
6975000|137
6978125|141
6981250|141
6984375|133
6987500|133
6990625|142
6993750|142
6996875|156
7000000|156
7003125|149
7006250|156
7009375|156
7012500|156
7015625|156
7018750|158
7021875|158
7025000|152
7028125|152
7031250|151
7034375|151
7037500|151
7040625|127
7043750|127
7046875|127
7050000|127
7053125|125
7056250|116
7059375|116
7062500|129
7065625|129
7068750|121
7071875|121
7075000|123
7078125|123
7081250|123
7084375|120
7087500|120
7090625|124
7093750|124
7096875|118
7100000|118
7103125|116
7106250|119
7109375|119
7112500|117
7115625|117
7118750|117
7121875|115
7125000|115
7128125|116
7131250|116
7134375|112
7137500|106
7140625|106
7143750|104
7146875|109
7150000|109
7153125|106
7156250|107
7159375|107
7162500|111
7165625|111
7168750|107
7171875|106
7175000|106
7178125|106
7181250|104
7184375|104
7187500|104
7190625|119
7193750|119
7196875|119
7200000|119
7203125|125
7206250|120
7209375|122
7212500|122
7215625|122
7218750|120
7221875|122
7225000|122
7228125|123
7231250|134
7234375|146
7237500|146
7240625|144
7243750|149
7246875|146
7250000|146
7253125|149
7256250|159
7259375|159
7262500|133
7265625|139
7268750|137
7271875|137
7275000|135
7278125|136
7281250|136
7284375|136
7287500|133
7290625|133
7293750|131
7296875|131
7300000|126
7303125|126
7306250|137
7309375|137
7312500|138
7315625|138
7318750|138
7321875|137
7325000|137
7328125|134
7331250|134
7334375|138
7337500|138
7340625|136
7343750|136
7346875|133
7350000|133
7353125|134
7356250|134
7359375|132
7362500|132
7365625|132
7368750|132
7371875|137
7375000|137
7378125|141
7381250|141
7384375|139
7387500|139
7390625|138
7393750|138
7396875|139
7400000|139
7403125|140
7406250|140
7409375|135
7412500|135
7415625|136
7418750|136
7421875|137
7425000|137
7428125|136
7431250|136
7434375|136
7437500|133
7440625|133
7443750|134
7446875|134
7450000|140
7453125|140
7456250|138
7459375|138
7462500|144
7465625|144
7468750|143
7471875|143
7475000|142
7478125|142
7481250|141
7484375|141
7487500|164
7490625|164
7493750|161
7496875|161
7500000|158
7503125|158
7506250|166
7509375|166
7512500|166
7515625|166
7518750|175
7521875|175
7525000|181
7528125|181
7531250|176
7534375|176
7537500|177
7540625|177
7543750|165
7546875|165
7550000|164
7553125|164
7556250|164
7559375|164
7562500|164
7565625|168
7568750|168
7571875|160
7575000|160
7578125|166
7581250|166
7584375|167
7587500|167
7590625|174
7593750|174
7596875|174
7600000|174
7603125|173
7606250|173
7609375|170
7612500|170
7615625|171
7618750|171
7621875|170
7625000|170
7628125|166
7631250|166
7634375|152
7637500|152
7640625|156
7643750|156
7646875|158
7650000|158
7653125|158
7656250|158
7659375|156
7662500|156
7665625|164
7668750|164
7671875|161
7675000|161
7678125|161
7681250|161
7684375|161
7687500|168
7690625|168
7693750|163
7696875|163
7700000|163
7703125|163
7706250|173
7709375|173
7712500|168
7715625|168
7718750|171
7721875|171
7725000|170
7728125|170
7731250|172
7734375|172
7737500|192
7740625|192
7743750|188
7746875|188
7750000|195
7753125|195
7756250|217
7759375|217
7762500|248
7765625|248
7768750|264
7771875|264
7775000|244
7778125|244
7781250|233
7784375|233
7787500|260
7790625|260
7793750|252
7796875|252
7800000|254
7803125|254
7806250|254
7809375|243
7812500|243
7815625|245
7818750|245
7821875|249
7825000|249
7828125|251
7831250|251
7834375|268
7837500|268
7840625|271
7843750|271
7846875|271
7850000|271
7853125|269
7856250|269
7859375|254
7862500|254
7865625|267
7868750|267
7871875|264
7875000|264
7878125|269
7881250|269
7884375|249
7887500|249
7890625|241
7893750|241
7896875|246
7900000|246
7903125|249
7906250|249
7909375|249
7912500|249
7915625|244
7918750|244
7921875|231
7925000|231
7928125|247
7931250|247
7934375|245
7937500|245
7940625|245
7943750|263
7946875|263
7950000|255
7953125|255
7956250|263
7959375|263
7962500|269
7965625|269
7968750|268
7971875|268
7975000|273
7978125|273
7981250|264
7984375|264
7987500|269
7990625|269
7993750|272
7996875|272
8000000|296
8003125|296
8006250|309
8009375|309
8012500|307
8015625|307
8018750|311
8021875|311
8025000|316
8028125|316
8031250|333
8034375|333
8037500|294
8040625|294
8043750|309
8046875|309
8050000|317
8053125|317
8056250|290
8059375|290
8062500|294
8065625|294
8068750|291
8071875|291
8075000|291
8078125|302
8081250|302
8084375|283
8087500|283
8090625|287
8093750|287
8096875|287
8100000|287
8103125|306
8106250|306
8109375|313
8112500|313
8115625|307
8118750|307
8121875|288
8125000|288
8128125|268
8131250|268
8134375|275
8137500|275
8140625|268
8143750|268
8146875|226
8150000|226
8153125|228
8156250|228
8159375|198
8162500|198
8165625|211
8168750|211
8171875|226
8175000|226
8178125|221
8181250|221
8184375|228
8187500|228
8190625|228
8193750|225
8196875|225
8200000|217
8203125|217
8206250|212
8209375|212
8212500|216
8215625|216
8218750|219
8221875|219
8225000|219
8228125|219
8231250|219
8234375|219
8237500|211
8240625|211
8243750|211
8246875|211
8250000|209
8253125|209
8256250|218
8259375|218
8262500|217
8265625|217
8268750|217
8271875|217
8275000|217
8278125|217
8281250|222
8284375|222
8287500|233
8290625|233
8293750|228
8296875|228
8300000|228
8303125|225
8306250|225
8309375|221
8312500|221
8315625|210
8318750|210
8321875|206
8325000|206
8328125|216
8331250|216
8334375|211
8337500|211
8340625|208
8343750|208
8346875|186
8350000|186
8353125|188
8356250|188
8359375|185
8362500|185
8365625|185
8368750|185
8371875|194
8375000|194
8378125|202
8381250|202
8384375|196
8387500|196
8390625|187
8393750|187
8396875|190
8400000|190
8403125|190
8406250|194
8409375|194
8412500|191
8415625|191
8418750|186
8421875|186
8425000|188
8428125|188
8431250|187
8434375|187
8437500|173
8440625|173
8443750|168
8446875|168
8450000|168
8453125|168
8456250|172
8459375|172
8462500|171
8465625|171
8468750|178
8471875|178
8475000|179
8478125|179
8481250|175
8484375|175
8487500|174
8490625|174
8493750|169
8496875|169
8500000|178
8503125|178
8506250|181
8509375|181
8512500|180
8515625|180
8518750|180
8521875|180
8525000|180
8528125|178
8531250|178
8534375|181
8537500|181
8540625|181
8543750|181
8546875|188
8550000|188
8553125|189
8556250|189
8559375|197
8562500|197
8565625|207
8568750|207
8571875|210
8575000|210
8578125|221
8581250|221
8584375|218
8587500|218
8590625|215
8593750|215
8596875|211
8600000|211
8603125|200
8606250|200
8609375|166
8612500|166
8615625|170
8618750|170
8621875|166
8625000|166
8628125|174
8631250|174
8634375|174
8637500|174
8640625|169
8643750|169
8646875|181
8650000|181
8653125|181
8656250|176
8659375|176
8662500|181
8665625|181
8668750|175
8671875|175
8675000|176
8678125|176
8681250|176
8684375|176
8687500|170
8690625|170
8693750|180
8696875|180
8700000|181
8703125|181
8706250|193
8709375|193
8712500|191
8715625|191
8718750|180
8721875|180
8725000|180
8728125|180
8731250|181
8734375|181
8737500|186
8740625|186
8743750|180
8746875|180
8750000|174
8753125|174
8756250|177
8759375|177
8762500|173
8765625|173
8768750|172
8771875|172
8775000|175
8778125|175
8781250|174
8784375|174
8787500|171
8790625|171
8793750|162
8796875|162
8800000|161
8803125|161
8806250|181
8809375|181
8812500|180
8815625|180
8818750|184
8821875|184
8825000|182
8828125|182
8831250|191
8834375|191
8837500|183
8840625|183
8843750|182
8846875|182
8850000|183
8853125|183
8856250|183
8859375|183
8862500|181
8865625|181
8868750|186
8871875|186
8875000|188
8878125|188
8881250|191
8884375|191
8887500|186
8890625|186
8893750|183
8896875|183
8900000|185
8903125|185
8906250|189
8909375|189
8912500|184
8915625|184
8918750|187
8921875|187
8925000|188
8928125|188
8931250|184
8934375|184
8937500|180
8940625|180
8943750|182
8946875|182
8950000|184
8953125|184
8956250|178
8959375|175
8962500|175
8965625|174
8968750|174
8971875|161
8975000|161
8978125|150
8981250|150
8984375|152
8987500|152
8990625|140
8993750|140
8996875|146
9000000|146
9003125|148
9006250|148
9009375|153
9012500|153
9015625|151
9018750|154
9021875|154
9025000|152
9028125|152
9031250|151
9034375|151
9037500|149
9040625|149
9043750|147
9046875|145
9050000|145
9053125|148
9056250|148
9059375|149
9062500|149
9065625|147
9068750|147
9071875|151
9075000|147
9078125|147
9081250|145
9084375|145
9087500|143
9090625|143
9093750|145
9096875|145
9100000|144
9103125|142
9106250|142
9109375|142
9112500|142
9115625|132
9118750|122
9121875|122
9125000|133
9128125|128
9131250|128
9134375|128
9137500|128
9140625|127
9143750|132
9146875|132
9150000|128
9153125|128
9156250|128
9159375|125
9162500|125
9165625|125
9168750|126
9171875|126
9175000|128
9178125|128
9181250|134
9184375|131
9187500|131
9190625|128
9193750|130
9196875|130
9200000|127
9203125|127
9206250|134
9209375|134
9212500|134
9215625|134
9218750|135
9221875|135
9225000|144
9228125|144
9231250|143
9234375|143
9237500|140
9240625|140
9243750|137
9246875|137
9250000|144
9253125|144
9256250|142
9259375|142
9262500|142
9265625|146
9268750|146
9271875|143
9275000|143
9278125|165
9281250|165
9284375|166
9287500|166
9290625|164
9293750|164
9296875|169
9300000|169
9303125|174
9306250|174
9309375|166
9312500|166
9315625|166
9318750|166
9321875|169
9325000|169
9328125|167
9331250|167
9334375|167
9337500|162
9340625|162
9343750|162
9346875|162
9350000|160
9353125|160
9356250|167
9359375|167
9362500|169
9365625|169
9368750|176
9371875|176
9375000|173
9378125|173
9381250|184
9384375|184
9387500|179
9390625|179
9393750|183
9396875|183
9400000|188
9403125|188
9406250|189
9409375|189
9412500|189
9415625|188
9418750|188
9421875|203
9425000|203
9428125|212
9431250|212
9434375|223
9437500|223
9440625|223
9443750|223
9446875|228
9450000|228
9453125|223
9456250|223
9459375|237
9462500|237
9465625|266
9468750|266
9471875|268
9475000|268
9478125|285
9481250|285
9484375|264
9487500|264
9490625|264
9493750|259
9496875|259
9500000|268
9503125|268
9506250|282
9509375|282
9512500|258
9515625|258
9518750|257
9521875|257
9525000|265
9528125|265
9531250|262
9534375|262
9537500|275
9540625|275
9543750|265
9546875|265
9550000|246
9553125|246
9556250|223
9559375|223
9562500|227
9565625|227
9568750|227
9571875|227
9575000|227
9578125|217
9581250|217
9584375|218
9587500|218
9590625|232
9593750|232
9596875|223
9600000|223
9603125|224
9606250|224
9609375|228
9612500|228
9615625|245
9618750|245
9621875|237
9625000|237
9628125|199
9631250|199
9634375|203
9637500|203
9640625|200
9643750|200
9646875|194
9650000|194
9653125|194
9656250|109
9659375|109
9662500|135
9665625|135
9668750|122
9671875|122
9675000|123
9678125|123
9681250|111
9684375|111
9687500|116
9690625|116
9693750|118
9696875|118
9700000|136
9703125|136
9706250|133
9709375|133
9712500|132
9715625|132
9718750|122
9721875|122
9725000|136
9728125|136
9731250|139
9734375|139
9737500|136
9740625|136
9743750|138
9746875|138
9750000|138
9753125|131
9756250|131
9759375|131
9762500|131
9765625|124
9768750|124
9771875|132
9775000|132
9778125|133
9781250|133
9784375|136
9787500|136
9790625|141
9793750|141
9796875|141
9800000|141
9803125|144
9806250|144
9809375|142
9812500|142
9815625|171
9818750|171
9821875|164
9825000|164
9828125|164
9831250|173
9834375|173
9837500|169
9840625|169
9843750|158
9846875|158
9850000|158
9853125|158
9856250|158
9859375|158
9862500|156
9865625|156
9868750|158
9871875|158
9875000|152
9878125|152
9881250|172
9884375|172
9887500|170
9890625|170
9893750|187
9896875|187
9900000|180
9903125|180
9906250|170
9909375|170
9912500|171
9915625|171
9918750|171
9921875|183
9925000|183
9928125|185
9931250|185
9934375|187
9937500|187
9940625|194
9943750|194
9946875|197
9950000|197
9953125|196
9956250|196
9959375|196
9962500|196
9965625|215
9968750|215
9971875|206
9975000|206
9978125|211
9981250|211
9984375|214
9987500|214
9990625|210
9993750|210
9996875|206
10000000|206
10003125|205
10006250|205
10009375|205
10012500|199
10015625|199
10018750|212
10021875|212
10025000|211
10028125|211
10031250|210
10034375|210
10037500|187
10040625|187
10043750|185
10046875|185
10050000|189
10053125|189
10056250|199
10059375|199
10062500|203
10065625|203
10068750|194
10071875|194
10075000|200
10078125|200
10081250|206
10084375|206
10087500|214
10090625|214
10093750|214
10096875|214
10100000|209
10103125|209
10106250|198
10109375|198
10112500|207
10115625|207
10118750|206
10121875|206
10125000|206
10128125|199
10131250|199
10134375|204
10137500|204
10140625|201
10143750|201
10146875|208
10150000|208
10153125|220
10156250|220
10159375|220
10162500|220
10165625|243
10168750|243
10171875|231
10175000|231
10178125|248
10181250|248
10184375|237
10187500|237
10190625|244
10193750|244
10196875|243
10200000|243
10203125|240
10206250|240
10209375|242
10212500|242
10215625|244
10218750|244
10221875|246
10225000|246
10228125|246
10231250|244
10234375|244
10237500|248
10240625|248
10243750|230
10246875|230
10250000|237
10253125|237
10256250|238
10259375|238
10262500|231
10265625|231
10268750|230
10271875|230
10275000|235
10278125|235
10281250|233
10284375|233
10287500|231
10290625|231
10293750|228
10296875|228
10300000|228
10303125|228
10306250|227
10309375|227
10312500|243
10315625|243
10318750|243
10321875|243
10325000|243
10328125|234
10331250|234
10334375|232
10337500|232
10340625|229
10343750|229
10346875|220
10350000|220
10353125|224
10356250|224
10359375|227
10362500|227
10365625|225
10368750|225
10371875|231
10375000|231
10378125|226
10381250|226
10384375|225
10387500|225
10390625|229
10393750|229
10396875|228
10400000|228
10403125|241
10406250|241
10409375|239
10412500|239
10415625|247
10418750|247
10421875|247
10425000|242
10428125|242
10431250|241
10434375|241
10437500|239
10440625|239
10443750|242
10446875|242
10450000|239
10453125|239
10456250|240
10459375|240
10462500|238
10465625|238
10468750|233
10471875|233
10475000|232
10478125|232
10481250|235
10484375|235
10487500|239
10490625|239
10493750|236
10496875|236
10500000|245
10503125|245
10506250|264
10509375|264
10512500|275
10515625|275
10518750|275
10521875|279
10525000|279
10528125|305
10531250|305
10534375|311
10537500|311
10540625|322
10543750|322
10546875|317
10550000|317
10553125|318
10556250|318
10559375|335
10562500|335
10565625|346
10568750|346
10571875|387
10575000|387
10578125|371
10581250|371
10584375|386
10587500|386
10590625|389
10593750|389
10596875|401
10600000|401
10603125|395
10606250|395
10609375|379
10612500|379
10615625|379
10618750|397
10621875|397
10625000|390
10628125|390
10631250|395
10634375|395
10637500|378
10640625|378
10643750|387
10646875|387
10650000|424
10653125|424
10656250|438
10659375|438
10662500|432
10665625|432
10668750|433
10671875|433
10675000|431
10678125|431
10681250|422
10684375|422
10687500|407
10690625|407
10693750|416
10696875|416
10700000|416
10703125|387
10706250|387
10709375|395
10712500|395
10715625|390
10718750|390
10721875|408
10725000|408
10728125|383
10731250|383
10734375|386
10737500|386
10740625|383
10743750|383
10746875|395
10750000|395
10753125|398
10756250|398
10759375|429
10762500|429
10765625|434
10768750|434
10771875|434
10775000|475
10778125|475
10781250|439
10784375|439
10787500|382
10790625|382
10793750|385
10796875|385
10800000|335
10803125|335
10806250|352
10809375|352
10812500|353
10815625|353
10818750|337
10821875|337
10825000|351
10828125|351
10831250|368
10834375|368
10837500|373
10840625|373
10843750|387
10846875|387
10850000|387
10853125|366
10856250|366
10859375|377
10862500|377
10865625|364
10868750|364
10871875|365
10875000|365
10878125|389
10881250|389
10884375|384
10887500|384
10890625|385
10893750|385
10896875|371
10900000|371
10903125|340
10906250|340
10909375|344
10912500|344
10915625|320
10918750|320
10921875|320
10925000|349
10928125|349
10931250|352
10934375|352
10937500|354
10940625|354
10943750|357
10946875|357
10950000|354
10953125|354
10956250|359
10959375|359
10962500|359
10965625|359
10968750|353
10971875|353
10975000|345
10978125|345
10981250|346
10984375|346
10987500|352
10990625|352
10993750|353
10996875|353
11000000|340
11003125|340
11006250|341
11009375|341
11012500|351
11015625|351
11018750|365
11021875|365
11025000|370
11028125|370
11031250|374
11034375|374
11037500|386
11040625|386
11043750|386
11046875|381
11050000|381
11053125|379
11056250|379
11059375|377
11062500|377
11065625|365
11068750|365
11071875|368
11075000|368
11078125|378
11081250|378
11084375|379
11087500|379
11090625|368
11093750|368
11096875|391
11100000|391
11103125|414
11106250|414
11109375|409
11112500|409
11115625|409
11118750|412
11121875|412
11125000|406
11128125|406
11131250|393
11134375|393
11137500|403
11140625|403
11143750|388
11146875|388
11150000|387
11153125|387
11156250|382
11159375|382
11162500|386
11165625|386
11168750|396
11171875|396
11175000|383
11178125|383
11181250|388
11184375|388
11187500|402
11190625|402
11193750|402
11196875|416
11200000|416
11203125|456
11206250|456
11209375|435
11212500|435
11215625|454
11218750|454
11221875|444
11225000|444
11228125|450
11231250|450
11234375|463
11237500|463
11240625|462
11243750|462
11246875|476
11250000|476
11253125|461
11256250|461
11259375|448
11262500|448
11265625|461
11268750|461
11271875|461
11275000|482
11278125|482
11281250|478
11284375|478
11287500|471
11290625|471
11293750|510
11296875|510
11300000|552
11303125|552
11306250|560
11309375|560
11312500|609
11315625|609
11318750|604
11321875|604
11325000|569
11328125|569
11331250|520
11334375|520
11337500|518
11340625|518
11343750|537
11346875|537
11350000|537
11353125|576
11356250|576
11359375|616
11362500|616
11365625|586
11368750|586
11371875|598
11375000|598
11378125|616
11381250|616
11384375|567
11387500|567
11390625|596
11393750|596
11396875|602
11400000|602
11403125|591
11406250|591
11409375|554
11412500|554
11415625|573
11418750|573
11421875|558
11425000|558
11428125|558
11431250|544
11434375|544
11437500|568
11440625|568
11443750|590
11446875|590
11450000|586
11453125|586
11456250|589
11459375|589
11462500|637
11465625|637
11468750|643
11471875|643
11475000|654
11478125|654
11481250|658
11484375|658
11487500|638
11490625|638
11493750|607
11496875|607
11500000|637
11503125|637
11506250|637
11509375|585
11512500|585
11515625|612
11518750|612
11521875|626
11525000|626
11528125|636
11531250|636
11534375|683
11537500|683
11540625|729
11543750|729
11546875|731
11550000|731
11553125|752
11556250|752
11559375|737
11562500|737
11565625|730
11568750|730
11571875|774
11575000|774
11578125|774
11581250|978
11584375|978
11587500|1043
11590625|1043
11593750|1103
11596875|1103
11600000|1210
11603125|1210
11606250|1225
11609375|1225
11612500|1216
11615625|1216
11618750|1279
11621875|1279
11625000|1255
11628125|1255
11631250|1088
11634375|1088
11637500|1050
11640625|1050
11643750|1129
11646875|1129
11650000|1232
11653125|1232
11656250|1232
11659375|1169
11662500|1169
11665625|1228
11668750|1228
11671875|1233
11675000|1233
11678125|1258
11681250|1258
11684375|1367
11687500|1367
11690625|1377
11693750|1377
11696875|1111
11700000|1111
11703125|1234
11706250|1234
11709375|1234
11712500|1234
11715625|1392
11718750|1392
11721875|1318
11725000|1318
11728125|1368
11731250|1368
11734375|1368
11737500|1241
11740625|1241
11743750|1330
11746875|1330
11750000|1379
11753125|1379
11756250|1379
11759375|1379
11762500|1314
11765625|1314
11768750|1374
11771875|1374
11775000|1513
11778125|1513
11781250|1667
11784375|1667
11787500|1597
11790625|1597
11793750|1721
11796875|1721
11800000|1679
11803125|1679
11806250|1614
11809375|1614
11812500|1752
11815625|1752
11818750|1752
11821875|1772
11825000|1772
11828125|1743
11831250|1743
11834375|1787
11837500|1787
11840625|1844
11843750|1844
11846875|1817
11850000|1817
11853125|1802
11856250|1802
11859375|1779
11862500|1779
11865625|1782
11868750|1782
11871875|1851
11875000|1851
11878125|1939
11881250|1939
11884375|1957
11887500|1957
11890625|1915
11893750|1915
11896875|1915
11900000|1935
11903125|1935
11906250|1778
11909375|1778
11912500|1578
11915625|1578
11918750|1625
11921875|1625
11925000|1481
11928125|1481
11931250|1446
11934375|1446
11937500|1460
11940625|1460
11943750|1422
11946875|1422
11950000|1571
11953125|1571
11956250|1488
11959375|1488
11962500|1568
11965625|1568
11968750|1538
11971875|1538
11975000|1529
11978125|1529
11981250|1529
11984375|1651
11987500|1651
11990625|1726
11993750|1726
11996875|1834
12000000|1834
12003125|1872
12006250|1872
12009375|1795
12012500|1795
12015625|1827
12018750|1827
12021875|1767
12025000|1767
12028125|1921
12031250|1921
12034375|1848
12037500|1848
12040625|1794
12043750|1794
12046875|1805
12050000|1805
12053125|1823
12056250|1823
12059375|1776
12062500|1776
12065625|1776
12068750|1809
12071875|1809
12075000|1805
12078125|1805
12081250|1783
12084375|1783
12087500|1682
12090625|1682
12093750|1668
12096875|1668
12100000|1583
12103125|1583
12106250|1588
12109375|1588
12112500|1699
12115625|1699
12118750|1713
12121875|1713
12125000|1686
12128125|1686
12131250|1816
12134375|1816
12137500|1841
12140625|1841
12143750|1841
12146875|1919
12150000|1919
12153125|1967
12156250|1967
12159375|2134
12162500|2134
12165625|2009
12168750|2009
12171875|2076
12175000|2076
12178125|2107
12181250|2107
12184375|2112
12187500|2112
12190625|1964
12193750|1964
12196875|2081
12200000|2081
12203125|2066
12206250|2066
12209375|2133
12212500|2133
12215625|2150
12218750|2150
12221875|2137
12225000|2137
12228125|2137
12231250|2298
12234375|2298
12237500|2431
12240625|2431
12243750|2517
12246875|2517
12250000|2430
12253125|2430
12256250|2318
12259375|2318
12262500|2240
12265625|2240
12268750|2163
12271875|2163
12275000|2332
12278125|2332
12281250|2357
12284375|2357
12287500|2410
12290625|2410
12293750|2369
12296875|2369
12300000|2216
12303125|2216
12306250|2322
12309375|2322
12312500|2322
12315625|2534
12318750|2534
12321875|2667
12325000|2667
12328125|2750
12331250|2750
12334375|2758
12337500|2758
12340625|2775
12343750|2775
12346875|2947
12350000|2947
12353125|2954
12356250|2954
12359375|3432
12362500|3432
12365625|3241
12368750|3241
12371875|3522
12375000|3522
12378125|3491
12381250|3491
12384375|3483
12387500|3483
12390625|3916
12393750|3916
12396875|3927
12400000|3927
12403125|3927
12406250|3946
12409375|3946
12412500|4181
12415625|4181
12418750|3811
12421875|3811
12425000|3718
12428125|3718
12431250|4087
12434375|4087
12437500|3644
12440625|3644
12443750|3586
12446875|3586
12450000|3280
12453125|3280
12456250|3377
12459375|3377
12462500|2442
12465625|2442
12468750|2772
12471875|2772
12475000|2435
12478125|2435
12481250|2297
12484375|2297
12487500|2098
12490625|2098
12493750|2648
12496875|2648
12500000|2648
12503125|2707
12506250|2707
12509375|2888
12512500|2888
12515625|2742
12518750|2742
12521875|2412
12525000|2412
12528125|2278
12531250|2278
12534375|2386
12537500|2386
12540625|2707
12543750|2707
12546875|2634
12550000|2634
12553125|2706
12556250|2706
12559375|2856
12562500|2856
12565625|2691
12568750|2691
12571875|2629
12575000|2629
12578125|2710
12581250|2710
12584375|2593
12587500|2593
12590625|2509
12593750|2509
12596875|2509
12600000|2610
12603125|2610
12606250|2471
12609375|2471
12612500|2355
12615625|2355
12618750|2369
12621875|2369
12625000|2509
12628125|2509
12631250|2582
12634375|2582
12637500|2543
12640625|2543
12643750|2367
12646875|2367
12650000|2372
12653125|2372
12656250|2233
12659375|2233
12662500|2166
12665625|2166
12668750|2243
12671875|2243
12675000|1887
12678125|1887
12681250|1880
12684375|1880
12687500|1967
12690625|1967
12693750|1989
12696875|1989
12700000|1810
12703125|1810
12706250|1810
12709375|1830
12712500|1830
12715625|1983
12718750|1983
12721875|2083
12725000|2083
12728125|2165
12731250|2165
12734375|2276
12737500|2276
12740625|2109
12743750|2109
12746875|2155
12750000|2155
12753125|2227
12756250|2227
12759375|2323
12762500|2323
12765625|2196
12768750|2196
12771875|2322
12775000|2322
12778125|2317
12781250|2317
12784375|2114
12787500|2114
12790625|2145
12793750|2145
12796875|2110
12800000|2110
12803125|2140
12806250|2140
12809375|2032
12812500|2032
12815625|1940
12818750|1940
12821875|1994
12825000|1994
12828125|1994
12831250|1918
12834375|1918
12837500|1877
12840625|1877
12843750|1899
12846875|1899
12850000|1891
12853125|1891
12856250|1818
12859375|1818
12862500|1786
12865625|1786
12868750|1994
12871875|1994
12875000|2024
12878125|2024
12881250|2125
12884375|2125
12887500|2185
12890625|2185
12893750|2194
12896875|2194
12900000|2228
12903125|2228
12906250|2301
12909375|2301
12912500|2301
12915625|2301
12918750|2383
12921875|2383
12925000|2470
12928125|2470
12931250|2531
12934375|2531
12937500|2556
12940625|2556
12943750|2608
12946875|2608
12950000|2508
12953125|2508
12956250|2725
12959375|2725
12962500|2829
12965625|2829
12968750|2892
12971875|2892
12975000|3162
12978125|3162
12981250|3013
12984375|3013
12987500|3013
12990625|3164
12993750|3164
12996875|3141
13000000|3141
13003125|3168
13006250|3168
13009375|3047
13012500|3047
13015625|3324
13018750|3324
13021875|3266
13025000|3266
13028125|3311
13031250|3311
13034375|3147
13037500|3147
13040625|3011
13043750|3011
13046875|3013
13050000|3013
13053125|3184
13056250|3184
13059375|3286
13062500|3286
13065625|3226
13068750|3226
13071875|3241
13075000|3241
13078125|3241
13081250|3322
13084375|3322
13087500|3172
13090625|3172
13093750|3228
13096875|3228
13100000|3093
13103125|3093
13106250|3275
13109375|3275
13112500|3246
13115625|3246
13118750|3225
13121875|3225
13125000|3228
13128125|3228
13131250|3435
13134375|3435
13137500|3829
13140625|3829
13143750|3787
13146875|3787
13150000|3939
13153125|3939
13156250|3887
13159375|3887
13162500|3952
13165625|3952
13168750|3952
13171875|3928
13175000|3928
13178125|3433
13181250|3433
13184375|3499
13187500|3499
13190625|3424
13193750|3424
13196875|3209
13200000|3209
13203125|3266
13206250|3266
13209375|3405
13212500|3405
13215625|3285
13218750|3285
13221875|3436
13225000|3436
13228125|3615
13231250|3615
13234375|3569
13237500|3569
13240625|3398
13243750|3398
13246875|3435
13250000|3435
13253125|3328
13256250|3328
13259375|2966
13262500|2966
13265625|2966
13268750|2760
13271875|2760
13275000|3078
13278125|3078
13281250|3154
13284375|3154
13287500|2930
13290625|2930
13293750|2925
13296875|2925
13300000|3064
13303125|3064
13306250|2927
13309375|2927
13312500|2807
13315625|2807
13318750|2850
13321875|2850
13325000|3000
13328125|3000
13331250|3310
13334375|3310
13337500|3389
13340625|3389
13343750|3420
13346875|3420
13350000|3384
13353125|3384
13356250|3516
13359375|3516
13362500|3576
13365625|3576
13368750|3588
13371875|3588
13375000|3562
13378125|3562
13381250|3562
13384375|3576
13387500|3576
13390625|3416
13393750|3416
13396875|3544
13400000|3544
13403125|3490
13406250|3490
13409375|3607
13412500|3607
13415625|3791
13418750|3791
13421875|3868
13425000|3868
13428125|3829
13431250|3829
13434375|3846
13437500|3846
13440625|3746
13443750|3746
13446875|3877
13450000|3877
13453125|4162
13456250|4162
13459375|4062
13462500|4062
13465625|3971
13468750|3971
13471875|4168
13475000|4168
13478125|4082
13481250|4082
13484375|4220
13487500|4220
13490625|4129
13493750|4129
13496875|3924
13500000|3924
13503125|4288
13506250|4288
13509375|4417
13512500|4417
13515625|4323
13518750|4323
13521875|4290
13525000|4290
13528125|4322
13531250|4322
13534375|4593
13537500|4593
13540625|4604
13543750|4604
13546875|4604
13550000|4536
13553125|4536
13556250|4480
13559375|4480
13562500|4521
13565625|4521
13568750|4617
13571875|4617
13575000|4810
13578125|4810
13581250|4732
13584375|4732
13587500|4632
13590625|4632
13593750|4722
13596875|4722
13600000|4668
13603125|4668
13606250|4645
13609375|4645
13612500|4627
13615625|4627
13618750|4561
13621875|4561
13625000|4210
13628125|4210
13631250|4289
13634375|4289
13637500|3998
13640625|3998
13643750|4299
13646875|4299
13650000|4415
13653125|4415
13656250|4264
13659375|4264
13662500|4090
13665625|4090
13668750|4341
13671875|4341
13675000|4271
13678125|4271
13681250|4523
13684375|4523
13687500|4042
13690625|4042
13693750|4100
13696875|4100
13700000|4297
13703125|4297
13706250|4448
13709375|4448
13712500|4642
13715625|4642
13718750|4580
13721875|4580
13725000|4514
13728125|4514
13731250|4219
13734375|4219
13737500|4124
13740625|4124
13743750|4201
13746875|4201
13750000|4357
13753125|4357
13756250|4309
13759375|4309
13762500|4439
13765625|4439
13768750|4111
13771875|4111
13775000|3902
13778125|3902
13781250|4088
13784375|4088
13787500|4135
13790625|4135
13793750|3785
13796875|3785
13800000|3862
13803125|3862
13806250|3862
13809375|4020
13812500|4020
13815625|3957
13818750|3957
13821875|3876
13825000|3876
13828125|3961
13831250|3961
13834375|3924
13837500|3924
13840625|3945
13843750|3945
13846875|4017
13850000|4017
13853125|3982
13856250|3982
13859375|4112
13862500|4112
13865625|4047
13868750|4047
13871875|4109
13875000|4109
13878125|4063
13881250|4063
13884375|4037
13887500|4037
13890625|3793
13893750|3793
13896875|3629
13900000|3629
13903125|3629
13906250|3710
13909375|3710
13912500|3675
13915625|3675
13918750|3766
13921875|3766
13925000|3830
13928125|3830
13931250|3765
13934375|3765
13937500|3785
13940625|3785
13943750|3536
13946875|3536
13950000|3406
13953125|3406
13956250|3196
13959375|3196
13962500|3080
13965625|3080
13968750|3150
13971875|3150
13975000|3083
13978125|3083
13981250|3240
13984375|3240
13987500|3373
13990625|3373
13993750|3373
13996875|3242
14000000|3242
14003125|3309
14006250|3309
14009375|3328
14012500|3328
14015625|3349
14018750|3349
14021875|3210
14025000|3210
14028125|3161
14031250|3161
14034375|3084
14037500|3084
14040625|3002
14043750|3002
14046875|2569
14050000|2569
14053125|2412
14056250|2412
14059375|2541
14062500|2541
14065625|2442
14068750|2442
14071875|2459
14075000|2459
14078125|2464
14081250|2464
14084375|2425
14087500|2425
14090625|2425
14093750|2547
14096875|2547
14100000|2603
14103125|2603
14106250|2603
14109375|2603
14112500|2689
14115625|2689
14118750|2790
14121875|2790
14125000|2681
14128125|2681
14131250|2697
14134375|2697
14137500|2997
14140625|2997
14143750|3015
14146875|3015
14150000|3057
14153125|3057
14156250|3141
14159375|3141
14162500|3118
14165625|3118
14168750|3246
14171875|3246
14175000|3074
14178125|3074
14181250|3074
14184375|2928
14187500|2928
14190625|2918
14193750|2918
14196875|2872
14200000|2872
14203125|2931
14206250|2931
14209375|3185
14212500|3185
14215625|3124
14218750|3124
14221875|2894
14225000|2894
14228125|2780
14231250|2780
14234375|2764
14237500|2764
14240625|2622
14243750|2622
14246875|2570
14250000|2570
14253125|2638
14256250|2638
14259375|2580
14262500|2580
14265625|2597
14268750|2597
14271875|2597
14275000|2769
14278125|2769
14281250|2780
14284375|2780
14287500|2617
14290625|2617
14293750|2919
14296875|2919
14300000|2976
14303125|2976
14306250|2948
14309375|2948
14312500|2833
14315625|2833
14318750|2622
14321875|2622
14325000|2666
14328125|2666
14331250|2552
14334375|2552
14337500|2496
14340625|2496
14343750|2579
14346875|2579
14350000|2733
14353125|2733
14356250|2608
14359375|2608
14362500|2557
14365625|2557
14368750|2569
14371875|2569
14375000|2569
14378125|2516
14381250|2516
14384375|2591
14387500|2591
14390625|2619
14393750|2619
14396875|2775
14400000|2775
14403125|2816
14406250|2816
14409375|2941
14412500|2941
14415625|2952
14418750|2952
14421875|2861
14425000|2861
14428125|2895
14431250|2895
14434375|2970
14437500|2970
14440625|3032
14443750|3032
14446875|3112
14450000|3112
14453125|3104
14456250|3104
14459375|3146
14462500|3146
14465625|3296
14468750|3296
14471875|3334
14475000|3334
14478125|3402
14481250|3402
14484375|3385
14487500|3385
14490625|3282
14493750|3282
14496875|3282
14500000|3455
14503125|3455
14506250|3444
14509375|3444
14512500|3522
14515625|3522
14518750|3520
14521875|3520
14525000|3406
14528125|3406
14531250|3168
14534375|3168
14537500|3229
14540625|3229
14543750|3192
14546875|3192
14550000|3259
14553125|3259
14556250|3202
14559375|3202
14562500|2979
14565625|2979
14568750|3028
14571875|3028
14575000|3118
14578125|3118
14581250|3021
14584375|3021
14587500|3041
14590625|3041
14593750|3060
14596875|3060
14600000|2988
14603125|2988
14606250|3056
14609375|3056
14612500|3102
14615625|3102
14618750|3077
14621875|3077
14625000|3077
14628125|2984
14631250|2984
14634375|2963
14637500|2963
14640625|2933
14643750|2933
14646875|2922
14650000|2922
14653125|3006
14656250|3006
14659375|2809
14662500|2809
14665625|2889
14668750|2889
14671875|2936
14675000|2936
14678125|2817
14681250|2817
14684375|2727
14687500|2727
14690625|2826
14693750|2826
14696875|2856
14700000|2856
14703125|2780
14706250|2780
14709375|2940
14712500|2940
14715625|2747
14718750|2747
14721875|2692
14725000|2692
14728125|2635
14731250|2635
14734375|2519
14737500|2519
14740625|2230
14743750|2230
14746875|2341
14750000|2341
14753125|2077
14756250|2077
14759375|1952
14762500|1952
14765625|2006
14768750|2006
14771875|2054
14775000|2054
14778125|2143
14781250|2143
14784375|2020
14787500|2020
14790625|2089
14793750|2089
14796875|1911
14800000|1911
14803125|2017
14806250|2017
14809375|1956
14812500|1956
14815625|1972
14818750|1972
14821875|2041
14825000|2041
14828125|1970
14831250|1970
14834375|1977
14837500|1977
14840625|1941
14843750|1941
14846875|1791
14850000|1791
14853125|1724
14856250|1724
14859375|1790
14862500|1790
14865625|1811
14868750|1811
14871875|1997
14875000|1997
14878125|1940
14881250|1940
14884375|1817
14887500|1817
14890625|1833
14893750|1833
14896875|1773
14900000|1773
14903125|1803
14906250|1804
14909375|1804
14912500|1858
14915625|1858
14918750|1812
14921875|1812
14925000|1791
14928125|1791
14931250|1787
14934375|1787
14937500|1661
14940625|1661
14943750|1530
14946875|1530
14950000|1434
14953125|1209
14956250|1209
14959375|1206
14962500|1206
14965625|1236
14968750|1236
14971875|1067
14975000|1067
14978125|1085
14981250|1085
14984375|994
14987500|994
14990625|1127
14993750|1126
14996875|1126
15000000|1124
15003125|1124
15006250|1048
15009375|1048
15012500|1143
15015625|1224
15018750|1224
15021875|1241
15025000|1241
15028125|1198
15031250|1198
15034375|1190
15037500|1142
15040625|1142
15043750|1098
15046875|1098
15050000|1069
15053125|1069
15056250|1058
15059375|1058
15062500|1065
15065625|1065
15068750|1072
15071875|1072
15075000|1149
15078125|1149
15081250|1131
15084375|1131
15087500|1185
15090625|1185
15093750|1236
15096875|1236
15100000|1214
15103125|1214
15106250|1216
15109375|1216
15112500|1167
15115625|1167
15118750|1095
15121875|1095
15125000|1037
15128125|1037
15131250|1114
15134375|1114
15137500|1192
15140625|1192
15143750|1192
15146875|1231
15150000|1231
15153125|1356
15156250|1356
15159375|1337
15162500|1337
15165625|1583
15168750|1583
15171875|1543
15175000|1543
15178125|1521
15181250|1521
15184375|1575
15187500|1575
15190625|1535
15193750|1535
15196875|1549
15200000|1549
15203125|1597
15206250|1597
15209375|1438
15212500|1438
15215625|1449
15218750|1449
15221875|1636
15225000|1636
15228125|1725
15231250|1725
15234375|1722
15237500|1722
15240625|1697
15243750|1697
15246875|1697
15250000|1679
15253125|1679
15256250|1630
15259375|1630
15262500|1631
15265625|1631
15268750|1618
15271875|1618
15275000|1607
15278125|1607
15281250|1736
15284375|1736
15287500|1690
15290625|1690
15293750|1700
15296875|1700
15300000|1777
15303125|1777
15306250|1703
15309375|1703
15312500|1854
15315625|1854
15318750|1881
15321875|1881
15325000|1959
15328125|1959
15331250|1984
15334375|1984
15337500|1936
15340625|1936
15343750|1899
15346875|1899
15350000|1877
15353125|1877
15356250|1834
15359375|1834
15362500|1846
15365625|1846
15368750|1609
15371875|1609
15375000|1575
15378125|1575
15381250|1617
15384375|1617
15387500|1624
15390625|1624
15393750|1664
15396875|1664
15400000|1656
15403125|1656
15406250|1695
15409375|1695
15412500|1508
15415625|1508
15418750|1491
15421875|1491
15425000|1426
15428125|1426
15431250|1552
15434375|1552
15437500|1524
15440625|1524
15443750|1554
15446875|1554
15450000|1585
15453125|1585
15456250|1574
15459375|1574
15462500|1557
15465625|1557
15468750|1579
15471875|1579
15475000|1617
15478125|1617
15481250|1558
15484375|1558
15487500|1630
15490625|1630
15493750|1635
15496875|1635
15500000|1719
15503125|1719
15506250|1774
15509375|1774
15512500|1767
15515625|1767
15518750|1716
15521875|1716
15525000|1574
15528125|1574
15531250|1639
15534375|1639
15537500|1472
15540625|1472
15543750|1433
15546875|1433
15550000|1469
15553125|1469
15556250|1469
15559375|1334
15562500|1334
15565625|1376
15568750|1376
15571875|1323
15575000|1323
15578125|1246
15581250|1246
15584375|1246
15587500|1326
15590625|1326
15593750|1326
15596875|1326
15600000|1317
15603125|1317
15606250|1317
15609375|1294
15612500|1294
15615625|1336
15618750|1336
15621875|1328
15625000|1328
15628125|1337
15631250|1337
15634375|1337
15637500|1335
15640625|1335
15643750|1328
15646875|1328
15650000|1311
15653125|1311
15656250|1311
15659375|1276
15662500|1276
15665625|1323
15668750|1323
15671875|1361
15675000|1361
15678125|1361
15681250|1352
15684375|1352
15687500|1352
15690625|1352
15693750|1331
15696875|1331
15700000|1315
15703125|1315
15706250|1315
15709375|1323
15712500|1323
15715625|1290
15718750|1290
15721875|1279
15725000|1279
15728125|1279
15731250|1294
15734375|1294
15737500|1287
15740625|1287
15743750|1296
15746875|1296
15750000|1274
15753125|1274
15756250|1274
15759375|1305
15762500|1305
15765625|1331
15768750|1331
15771875|1310
15775000|1310
15778125|1310
15781250|1284
15784375|1284
15787500|1282
15790625|1282
15793750|1299
15796875|1299
15800000|1313
15803125|1313
15806250|1313
15809375|1364
15812500|1364
15815625|1343
15818750|1343
15821875|1460
15825000|1460
15828125|1460
15831250|1566
15834375|1566
15837500|1514
15840625|1514
15843750|1555
15846875|1555
15850000|1555
15853125|1620
15856250|1620
15859375|1590
15862500|1590
15865625|1572
15868750|1572
15871875|1578
15875000|1578
15878125|1578
15881250|1518
15884375|1518
15887500|1530
15890625|1530
15893750|1645
15896875|1645
15900000|1645
15903125|1627
15906250|1627
15909375|1568
15912500|1568
15915625|1568
15918750|1568
15921875|1334
15925000|1334
15928125|1334
15931250|1104
15934375|1104
15937500|1296
15940625|1296
15943750|1285
15946875|1285
15950000|1285
15953125|1254
15956250|1254
15959375|1219
15962500|1219
15965625|1241
15968750|1241
15971875|1252
15975000|1252
15978125|1252
15981250|1215
15984375|1215
15987500|1199
15990625|1199
15993750|1210
15996875|1210
16000000|1210
16003125|1216
16006250|1216
16009375|1140
16012500|1140
16015625|1105
16018750|1105
16021875|1137
16025000|1137
16028125|1137
16031250|1183
16034375|1183
16037500|1202
16040625|1202
16043750|1198
16046875|1198
16050000|1198
16053125|1204
16056250|1204
16059375|1193
16062500|1193
16065625|1167
16068750|1167
16071875|1167
16075000|1215
16078125|1215
16081250|1294
16084375|1294
16087500|1276
16090625|1276
16093750|1295
16096875|1295
16100000|1295
16103125|1241
16106250|1241
16109375|1279
16112500|1279
16115625|1258
16118750|1258
16121875|1258
16125000|1271
16128125|1271
16131250|1231
16134375|1231
16137500|1280
16140625|1280
16143750|1262
16146875|1262
16150000|1262
16153125|1266
16156250|1266
16159375|1263
16162500|1263
16165625|1275
16168750|1275
16171875|1275
16175000|1320
16178125|1320
16181250|1307
16184375|1307
16187500|1266
16190625|1266
16193750|1167
16196875|1167
16200000|1167
16203125|1187
16206250|1187
16209375|1183
16212500|1183
16215625|1167
16218750|1167
16221875|1167
16225000|1217
16228125|1217
16231250|1213
16234375|1213
16237500|1217
16240625|1217
16243750|1219
16246875|1219
16250000|1219
16253125|1220
16256250|1220
16259375|1218
16262500|1218
16265625|1227
16268750|1227
16271875|1227
16275000|1211
16278125|1211
16281250|1189
16284375|1189
16287500|1200
16290625|1200
16293750|1200
16296875|1199
16300000|1199
16303125|1195
16306250|1195
16309375|1200
16312500|1200
16315625|1213
16318750|1213
16321875|1213
16325000|1214
16328125|1214
16331250|1256
16334375|1256
16337500|1250
16340625|1250
16343750|1250
16346875|1268
16350000|1268
16353125|1263
16356250|1263
16359375|1288
16362500|1288
16365625|1320
16368750|1320
16371875|1320
16375000|1335
16378125|1335
16381250|1388
16384375|1388
16387500|1416
16390625|1416
16393750|1416
16396875|1451
16400000|1451
16403125|1550
16406250|1550
16409375|1552
16412500|1552
16415625|1552
16418750|1577
16421875|1577
16425000|1565
16428125|1565
16431250|1512
16434375|1512
16437500|1551
16440625|1551
16443750|1551
16446875|1659
16450000|1659
16453125|1626
16456250|1626
16459375|1627
16462500|1627
16465625|1627
16468750|1626
16471875|1626
16475000|1556
16478125|1556
16481250|1610
16484375|1610
16487500|1601
16490625|1601
16493750|1601
16496875|1597
16500000|1597
16503125|1572
16506250|1572
16509375|1645
16512500|1645
16515625|1645
16518750|1566
16521875|1566
16525000|1585
16528125|1585
16531250|1641
16534375|1641
16537500|1642
16540625|1642
16543750|1642
16546875|1663
16550000|1663
16553125|1666
16556250|1666
16559375|1629
16562500|1629
16565625|1629
16568750|1614
16571875|1614
16575000|1671
16578125|1671
16581250|1650
16584375|1650
16587500|1545
16590625|1545
16593750|1545
16596875|1513
16600000|1513
16603125|1538
16606250|1538
16609375|1515
16612500|1515
16615625|1515
16618750|1506
16621875|1506
16625000|1556
16628125|1556
16631250|1675
16634375|1675
16637500|1675
16640625|1638
16643750|1638
16646875|1694
16650000|1694
16653125|1691
16656250|1691
16659375|1681
16662500|1681
16665625|1681
16668750|1703
16671875|1703
16675000|1659
16678125|1659
16681250|1643
16684375|1643
16687500|1650
16690625|1650
